val_0,0
val_1,0
val_2,1
val_3,1
val_4,1
val_5,1
val_6,0
val_7,1
val_8,0
val_9,0
val_10,1
val_11,1
val_12,0
val_13,0
val_14,0
val_15,0
val_16,1
val_17,1
val_18,0
val_19,1
val_20,1
val_21,1
val_22,1
val_23,1
val_24,1
val_25,1
val_26,0
val_27,1
val_28,0
val_29,1
val_30,1
val_31,1
val_32,1
val_33,1
val_34,0
val_35,1
val_36,1
val_37,1
val_38,1
val_39,1
val_40,1
val_41,0
val_42,1
val_43,1
val_44,1
val_45,0
val_46,0
val_47,1
val_48,1
val_49,1
val_50,0
val_51,1
val_52,1
val_53,0
val_54,1
val_55,1
val_56,1
val_57,1
val_58,0
val_59,1
val_60,1
val_61,1
val_62,0
val_63,1
val_64,1
val_65,0
val_66,1
val_67,1
val_68,1
val_69,1
val_70,0
val_71,1
val_72,0
val_73,1
val_74,1
val_75,0
val_76,1
val_77,0
val_78,1
val_79,1
val_80,1
val_81,1
val_82,0
val_83,1
val_84,1
val_85,0
val_86,1
val_87,1
val_88,1
val_89,0
val_90,1
val_91,1
val_92,0
val_93,1
val_94,0
val_95,0
val_96,1
val_97,1
val_98,1
val_99,0
val_100,1
val_101,0
val_102,0
val_103,1
val_104,0
val_105,0
val_106,1
val_107,1
val_108,1
val_109,1
val_110,0
val_111,0
val_112,1
val_113,0
val_114,1
val_115,1
val_116,0
val_117,0
val_118,1
val_119,0
val_120,0
val_121,0
val_122,1
val_123,0
val_124,1
val_125,0
val_126,1
val_127,1
val_128,1
val_129,1
val_130,1
val_131,1
val_132,1
val_133,1
val_134,1
val_135,1
val_136,1
val_137,1
val_138,0
val_139,0
val_140,1
val_141,0
val_142,1
val_143,0
val_144,1
val_145,1
val_146,1
val_147,1
val_148,1
val_149,1
val_150,1
val_151,0
val_152,0
val_153,0
val_154,1
val_155,0
val_156,1
val_157,1
val_158,1
val_159,0
val_160,0
val_161,0
val_162,1
val_163,1
val_164,1
val_165,1
val_166,1
val_167,1
val_168,0
val_169,1
val_170,1
val_171,1
val_172,1
val_173,1
val_174,1
val_175,0
val_176,1
val_177,1
val_178,1
val_179,0
val_180,0
val_181,0
val_182,1
val_183,0
val_184,1
val_185,1
val_186,0
val_187,1
val_188,1
val_189,1
val_190,0
val_191,1
val_192,1
val_193,0
val_194,1
val_195,1
val_196,0
val_197,0
val_198,0
val_199,1
val_200,1
val_201,0
val_202,0
val_203,0
val_204,1
val_205,1
val_206,1
val_207,0
val_208,1
val_209,1
val_210,0
val_211,1
val_212,0
val_213,0
val_214,1
val_215,0
val_216,0
val_217,1
val_218,0
val_219,1
val_220,1
val_221,0
val_222,1
val_223,1
val_224,1
val_225,0
val_226,1
val_227,1
val_228,0
val_229,1
val_230,0
val_231,0
val_232,0
val_233,0
val_234,1
val_235,0
val_236,0
val_237,1
val_238,0
val_239,1
val_240,0
val_241,0
val_242,1
val_243,1
val_244,1
val_245,1
val_246,1
val_247,1
val_248,1
val_249,1
val_250,1
val_251,1
val_252,1
val_253,1
val_254,0
val_255,0
val_256,1
val_257,0
val_258,1
val_259,0
val_260,1
val_261,0
val_262,1
val_263,1
val_264,1
val_265,0
val_266,1
val_267,1
val_268,0
val_269,0
val_270,1
val_271,0
val_272,1
val_273,0
val_274,1
val_275,1
val_276,0
val_277,1
val_278,0
val_279,0
val_280,0
val_281,1
val_282,0
val_283,0
val_284,0
val_285,1
val_286,1
val_287,1
val_288,1
val_289,1
val_290,0
val_291,1
val_292,0
val_293,1
val_294,1
val_295,0
val_296,0
val_297,1
val_298,1
val_299,0
val_300,0
val_301,1
val_302,0
val_303,1
val_304,0
val_305,0
val_306,1
val_307,0
val_308,1
val_309,1
val_310,0
val_311,0
val_312,0
val_313,1
val_314,0
val_315,1
val_316,0
val_317,1
val_318,1
val_319,0
val_320,1
val_321,0
val_322,1
val_323,0
val_324,1
val_325,1
val_326,1
val_327,0
val_328,1
val_329,1
val_330,0
val_331,1
val_332,0
val_333,0
val_334,0
val_335,0
val_336,1
val_337,1
val_338,0
val_339,0
val_340,1
val_341,1
val_342,0
val_343,1
val_344,1
val_345,1
val_346,0
val_347,1
val_348,1
val_349,1
val_350,0
val_351,0
val_352,0
val_353,0
val_354,1
val_355,1
val_356,0
val_357,1
val_358,1
val_359,1
val_360,1
val_361,0
val_362,1
val_363,0
val_364,1
val_365,0
val_366,1
val_367,1
val_368,0
val_369,0
val_370,0
val_371,1
val_372,1
val_373,0
val_374,1
val_375,1
val_376,0
val_377,0
val_378,0
val_379,0
val_380,0
val_381,1
val_382,0
val_383,1
val_384,0
val_385,0
val_386,0
val_387,1
val_388,0
val_389,1
val_390,0
val_391,0
val_392,1
val_393,0
val_394,0
val_395,1
val_396,0
val_397,1
val_398,0
val_399,1
val_400,0
val_401,0
val_402,1
val_403,1
val_404,1
val_405,1
val_406,1
val_407,0
val_408,1
val_409,1
val_410,1
val_411,0
val_412,1
val_413,1
val_414,0
val_415,1
val_416,1
val_417,0
val_418,1
val_419,0
val_420,1
val_421,1
val_422,1
val_423,0
val_424,1
val_425,0
val_426,1
val_427,1
val_428,1
val_429,1
val_430,0
val_431,1
val_432,1
val_433,0
val_434,0
val_435,0
val_436,1
val_437,0
val_438,1
val_439,1
val_440,0
val_441,1
val_442,0
val_443,1
val_444,0
val_445,1
val_446,0
val_447,1
val_448,0
val_449,1
val_450,0
val_451,0
val_452,0
val_453,1
val_454,1
val_455,1
val_456,1
val_457,1
val_458,1
val_459,1
val_460,0
val_461,0
val_462,0
val_463,0
val_464,1
val_465,1
val_466,0
val_467,1
val_468,1
val_469,1
val_470,0
val_471,1
val_472,0
val_473,1
val_474,1
val_475,0
val_476,1
val_477,0
val_478,1
val_479,0
val_480,0
val_481,1
val_482,1
val_483,1
val_484,0
val_485,0
val_486,1
val_487,1
val_488,1
val_489,1
val_490,1
val_491,0
val_492,1
val_493,1
val_494,1
val_495,1
val_496,0
val_497,1
val_498,1
val_499,1
val_500,0
val_501,1
val_502,0
val_503,1
val_504,1
val_505,1
val_506,1
val_507,0
val_508,1
val_509,0
val_510,1
val_511,0
val_512,0
val_513,1
val_514,0
val_515,0
val_516,1
val_517,0
val_518,1
val_519,0
val_520,1
val_521,0
val_522,0
val_523,1
val_524,0
val_525,1
val_526,1
val_527,0
val_528,1
val_529,0
val_530,0
val_531,1
val_532,1
val_533,1
val_534,1
val_535,1
val_536,1
val_537,0
val_538,1
val_539,0
val_540,1
val_541,0
val_542,0
val_543,1
val_544,1
val_545,1
val_546,0
val_547,0
val_548,0
val_549,1
val_550,1
val_551,0
val_552,1
val_553,0
val_554,1
val_555,1
val_556,1
val_557,0
val_558,1
val_559,0
val_560,1
val_561,0
val_562,1
val_563,0
val_564,1
val_565,1
val_566,0
val_567,1
val_568,1
val_569,1
val_570,0
val_571,0
val_572,1
val_573,1
val_574,1
val_575,1
val_576,1
val_577,1
val_578,0
val_579,1
val_580,1
val_581,1
val_582,1
val_583,0
val_584,1
val_585,1
val_586,1
val_587,1
val_588,1
val_589,1
val_590,1
val_591,1
val_592,0
val_593,0
val_594,0
val_595,1
val_596,1
val_597,1
val_598,1
val_599,0
val_600,0
val_601,1
val_602,1
val_603,0
val_604,0
val_605,1
val_606,1
val_607,1
val_608,0
val_609,1
val_610,0
val_611,1
val_612,1
val_613,1
val_614,1
val_615,1
val_616,1
val_617,1
val_618,0
val_619,1
val_620,1
val_621,0
val_622,1
val_623,0
val_624,0
val_625,0
val_626,1
val_627,1
val_628,1
val_629,0
val_630,1
val_631,1
val_632,1
val_633,1
val_634,1
val_635,1
val_636,1
val_637,0
val_638,0
val_639,1
val_640,1
val_641,1
val_642,0
val_643,1
val_644,1
val_645,0
val_646,0
val_647,0
val_648,1
val_649,0
val_650,0
val_651,1
val_652,1
val_653,1
val_654,0
val_655,0
val_656,0
val_657,1
val_658,0
val_659,1
val_660,1
val_661,1
val_662,0
val_663,0
val_664,1
val_665,1
val_666,1
val_667,0
val_668,0
val_669,1
val_670,1
val_671,1
val_672,0
val_673,1
val_674,0
val_675,1
val_676,1
val_677,1
val_678,1
val_679,1
val_680,0
val_681,0
val_682,1
val_683,1
val_684,0
val_685,0
val_686,1
val_687,0
val_688,1
val_689,1
val_690,0
val_691,1
val_692,0
val_693,1
val_694,1
val_695,0
val_696,1
val_697,0
val_698,1
val_699,1
val_700,0
val_701,0
val_702,1
val_703,1
val_704,0
val_705,1
val_706,1
val_707,0
val_708,1
val_709,1
val_710,1
val_711,1
val_712,1
val_713,1
val_714,1
val_715,0
val_716,1
val_717,1
val_718,1
val_719,1
val_720,1
val_721,0
val_722,1
val_723,0
val_724,0
val_725,1
val_726,0
val_727,0
val_728,1
val_729,0
val_730,1
val_731,1
val_732,0
val_733,1
val_734,1
val_735,1
val_736,1
val_737,0
val_738,1
val_739,1
val_740,1
val_741,0
val_742,1
val_743,0
val_744,1
val_745,1
val_746,0
val_747,0
val_748,0
val_749,1
val_750,1
val_751,1
val_752,1
val_753,1
val_754,0
val_755,1
val_756,0
val_757,0
val_758,1
val_759,1
val_760,1
val_761,0
val_762,0
val_763,1
val_764,1
val_765,1
val_766,1
val_767,1
val_768,1
val_769,0
val_770,1
val_771,1
val_772,1
val_773,0
val_774,1
val_775,0
val_776,1
val_777,0
val_778,1
val_779,0
val_780,1
val_781,1
val_782,0
val_783,0
val_784,0
val_785,1
val_786,1
val_787,0
val_788,1
val_789,0
val_790,0
val_791,1
val_792,1
val_793,1
val_794,1
val_795,1
val_796,1
val_797,1
val_798,1
val_799,1
val_800,0
val_801,0
val_802,1
val_803,0
val_804,1
val_805,0
val_806,1
val_807,1
val_808,1
val_809,1
val_810,0
val_811,0
val_812,0
val_813,1
val_814,1
val_815,0
val_816,1
val_817,1
val_818,0
val_819,1
val_820,0
val_821,0
val_822,1
val_823,1
val_824,1
val_825,0
val_826,0
val_827,0
val_828,1
val_829,1
val_830,1
val_831,1
val_832,0
val_833,1
val_834,0
val_835,1
val_836,0
val_837,0
val_838,1
val_839,1
val_840,1
val_841,1
val_842,0
val_843,1
val_844,1
val_845,0
val_846,1
val_847,1
val_848,1
val_849,0
val_850,1
val_851,0
val_852,1
val_853,0
val_854,1
val_855,1
val_856,1
val_857,1
val_858,1
val_859,1
val_860,1
val_861,1
val_862,0
val_863,1
val_864,0
val_865,1
val_866,0
val_867,1
val_868,0
val_869,0
val_870,0
val_871,1
val_872,1
val_873,0
val_874,0
val_875,0
val_876,1
val_877,1
val_878,1
val_879,1
val_880,0
val_881,0
val_882,0
val_883,1
val_884,0
val_885,0
val_886,1
val_887,1
val_888,1
val_889,0
val_890,1
val_891,1
val_892,0
val_893,1
val_894,0
val_895,1
val_896,0
val_897,0
val_898,1
val_899,1
val_900,1
val_901,1
val_902,0
val_903,1
val_904,1
val_905,1
val_906,1
val_907,0
val_908,1
val_909,0
val_910,0
val_911,1
val_912,1
val_913,1
val_914,0
val_915,0
val_916,1
val_917,1
val_918,0
val_919,1
val_920,0
val_921,1
val_922,1
val_923,1
val_924,0
val_925,1
val_926,1
val_927,0
val_928,1
val_929,1
val_930,1
val_931,1
val_932,1
val_933,1
val_934,1
val_935,0
val_936,0
val_937,0
val_938,0
val_939,1
val_940,0
val_941,1
val_942,1
val_943,0
val_944,0
val_945,1
val_946,1
val_947,0
val_948,1
val_949,1
val_950,1
val_951,1
val_952,1
val_953,1
val_954,1
val_955,1
val_956,0
val_957,1
val_958,1
val_959,1
val_960,1
val_961,0
val_962,0
val_963,0
val_964,1
val_965,1
val_966,1
val_967,1
val_968,1
val_969,1
val_970,0
val_971,0
val_972,1
val_973,0
val_974,1
val_975,1
val_976,1
val_977,1
val_978,0
val_979,1
val_980,1
val_981,1
val_982,1
val_983,1
val_984,1
val_985,0
val_986,1
val_987,1
val_988,1
val_989,1
val_990,1
val_991,1
val_992,1
val_993,0
val_994,1
val_995,1
val_996,1
val_997,1
val_998,1
val_999,1
val_1000,1
val_1001,0
val_1002,1
val_1003,0
val_1004,1
val_1005,0
val_1006,1
val_1007,1
val_1008,0
val_1009,0
val_1010,0
val_1011,0
val_1012,0
val_1013,1
val_1014,1
val_1015,0
val_1016,1
val_1017,1
val_1018,1
val_1019,1
val_1020,1
val_1021,0
val_1022,1
val_1023,1
val_1024,0
val_1025,1
val_1026,1
val_1027,1
val_1028,0
val_1029,1
val_1030,1
val_1031,1
val_1032,0
val_1033,1
val_1034,0
val_1035,1
val_1036,1
val_1037,1
val_1038,1
val_1039,0
val_1040,1
val_1041,1
val_1042,0
val_1043,1
val_1044,0
val_1045,0
val_1046,1
val_1047,0
val_1048,1
val_1049,0
val_1050,1
val_1051,1
val_1052,1
val_1053,1
val_1054,0
val_1055,1
val_1056,1
val_1057,1
val_1058,1
val_1059,1
val_1060,1
val_1061,0
val_1062,0
val_1063,1
val_1064,1
val_1065,1
val_1066,1
val_1067,0
val_1068,0
val_1069,0
val_1070,1
val_1071,1
val_1072,1
val_1073,1
val_1074,0
val_1075,1
val_1076,1
val_1077,1
val_1078,1
val_1079,0
val_1080,1
val_1081,1
val_1082,1
val_1083,1
val_1084,0
val_1085,1
val_1086,0
val_1087,0
val_1088,1
val_1089,0
val_1090,1
val_1091,1
val_1092,1
val_1093,1
val_1094,1
val_1095,1
val_1096,1
val_1097,0
val_1098,1
val_1099,1
val_1100,1
val_1101,1
val_1102,1
val_1103,1
val_1104,0
val_1105,1
val_1106,0
val_1107,0
val_1108,1
val_1109,1
val_1110,1
val_1111,1
val_1112,0
val_1113,0
val_1114,0
val_1115,0
val_1116,0
val_1117,0
val_1118,0
val_1119,1
val_1120,0
val_1121,1
val_1122,0
val_1123,0
val_1124,0
val_1125,0
val_1126,0
val_1127,1
val_1128,0
val_1129,1
val_1130,1
val_1131,1
val_1132,1
val_1133,0
val_1134,1
val_1135,1
val_1136,0
val_1137,1
val_1138,1
val_1139,1
val_1140,1
val_1141,0
val_1142,1
val_1143,0
val_1144,1
val_1145,0
val_1146,1
val_1147,1
val_1148,1
val_1149,1
val_1150,1
val_1151,0
val_1152,1
val_1153,1
val_1154,1
val_1155,1
val_1156,0
val_1157,1
val_1158,0
val_1159,0
val_1160,1
val_1161,1
val_1162,1
val_1163,1
val_1164,1
val_1165,0
val_1166,1
val_1167,0
val_1168,0
val_1169,1
val_1170,1
val_1171,1
val_1172,1
val_1173,0
val_1174,1
val_1175,0
val_1176,1
val_1177,1
val_1178,1
val_1179,0
val_1180,0
val_1181,1
val_1182,1
val_1183,0
val_1184,1
val_1185,0
val_1186,1
val_1187,1
val_1188,1
val_1189,0
val_1190,0
val_1191,0
val_1192,0
val_1193,0
val_1194,1
val_1195,0
val_1196,0
val_1197,1
val_1198,0
val_1199,1
val_1200,0
val_1201,1
val_1202,0
val_1203,0
val_1204,1
val_1205,1
val_1206,1
val_1207,0
val_1208,1
val_1209,1
val_1210,1
val_1211,0
val_1212,0
val_1213,0
val_1214,0
val_1215,1
val_1216,1
val_1217,1
val_1218,1
val_1219,0
val_1220,0
val_1221,0
val_1222,1
val_1223,1
val_1224,0
val_1225,0
val_1226,0
val_1227,0
val_1228,1
val_1229,1
val_1230,1
val_1231,1
val_1232,0
val_1233,0
val_1234,0
val_1235,1
val_1236,1
val_1237,1
val_1238,1
val_1239,1
val_1240,1
val_1241,1
val_1242,1
val_1243,1
val_1244,1
val_1245,1
val_1246,1
val_1247,1
val_1248,1
val_1249,1
val_1250,0
val_1251,1
val_1252,1
val_1253,0
val_1254,1
val_1255,1
val_1256,1
val_1257,0
val_1258,0
val_1259,1
val_1260,1
val_1261,1
val_1262,1
val_1263,1
val_1264,1
val_1265,1
val_1266,1
val_1267,1
val_1268,0
val_1269,1
val_1270,1
val_1271,1
val_1272,1
val_1273,0
val_1274,0
val_1275,1
val_1276,0
val_1277,0
val_1278,1
val_1279,1
val_1280,1
val_1281,0
val_1282,1
val_1283,0
val_1284,0
val_1285,1
val_1286,0
val_1287,1
val_1288,1
val_1289,0
val_1290,1
val_1291,0
val_1292,1
val_1293,1
val_1294,1
val_1295,1
val_1296,1
val_1297,1
val_1298,0
val_1299,0
val_1300,1
val_1301,1
val_1302,0
val_1303,1
val_1304,1
val_1305,0
val_1306,1
val_1307,1
val_1308,1
val_1309,1
val_1310,1
val_1311,0
val_1312,0
val_1313,0
val_1314,0
val_1315,1
val_1316,0
val_1317,0
val_1318,0
val_1319,0
val_1320,1
val_1321,1
val_1322,1
val_1323,1
val_1324,1
val_1325,1
val_1326,1
val_1327,1
val_1328,1
val_1329,1
val_1330,1
val_1331,1
val_1332,1
val_1333,1
val_1334,1
val_1335,0
val_1336,0
val_1337,1
val_1338,1
val_1339,1
val_1340,0
val_1341,1
val_1342,0
val_1343,0
val_1344,1
val_1345,0
val_1346,1
val_1347,0
val_1348,0
val_1349,1
val_1350,1
val_1351,1
val_1352,1
val_1353,1
val_1354,1
val_1355,0
val_1356,1
val_1357,0
val_1358,1
val_1359,1
val_1360,0
val_1361,0
val_1362,0
val_1363,1
val_1364,0
val_1365,1
val_1366,1
val_1367,1
val_1368,0
val_1369,1
val_1370,1
val_1371,0
val_1372,1
val_1373,0
val_1374,1
val_1375,1
val_1376,1
val_1377,1
val_1378,0
val_1379,0
val_1380,1
val_1381,1
val_1382,1
val_1383,1
val_1384,0
val_1385,1
val_1386,0
val_1387,1
val_1388,1
val_1389,1
val_1390,1
val_1391,1
val_1392,1
val_1393,1
val_1394,0
val_1395,0
val_1396,1
val_1397,0
val_1398,0
val_1399,1
val_1400,1
val_1401,1
val_1402,1
val_1403,1
val_1404,1
val_1405,1
val_1406,0
val_1407,0
val_1408,0
val_1409,0
val_1410,1
val_1411,1
val_1412,0
val_1413,0
val_1414,1
val_1415,1
val_1416,1
val_1417,1
val_1418,0
val_1419,1
val_1420,1
val_1421,1
val_1422,1
val_1423,1
val_1424,1
val_1425,1
val_1426,0
val_1427,0
val_1428,0
val_1429,1
val_1430,0
val_1431,1
val_1432,1
val_1433,1
val_1434,0
val_1435,0
val_1436,1
val_1437,1
val_1438,1
val_1439,1
val_1440,0
val_1441,1
val_1442,1
val_1443,1
val_1444,0
val_1445,0
val_1446,1
val_1447,1
val_1448,1
val_1449,1
val_1450,0
val_1451,0
val_1452,0
val_1453,1
val_1454,1
val_1455,1
val_1456,0
val_1457,1
val_1458,1
val_1459,0
val_1460,1
val_1461,0
val_1462,1
val_1463,1
val_1464,1
val_1465,1
val_1466,0
val_1467,1
val_1468,0
val_1469,1
val_1470,0
val_1471,1
val_1472,0
val_1473,0
val_1474,0
val_1475,1
val_1476,1
val_1477,1
val_1478,0
val_1479,1
val_1480,0
val_1481,1
val_1482,1
val_1483,0
val_1484,1
val_1485,1
val_1486,1
val_1487,1
val_1488,0
val_1489,1
val_1490,1
val_1491,1
val_1492,0
val_1493,0
val_1494,1
val_1495,1
val_1496,1
val_1497,0
val_1498,1
val_1499,1
val_1500,1
val_1501,1
val_1502,0
val_1503,1
val_1504,1
val_1505,1
val_1506,0
val_1507,1
val_1508,1
val_1509,0
val_1510,1
val_1511,1
val_1512,1
val_1513,0
val_1514,1
val_1515,0
val_1516,1
val_1517,1
val_1518,1
val_1519,0
val_1520,1
val_1521,1
val_1522,1
val_1523,0
val_1524,0
val_1525,1
val_1526,0
val_1527,1
val_1528,1
val_1529,0
val_1530,1
val_1531,0
val_1532,1
val_1533,1
val_1534,0
val_1535,1
val_1536,0
val_1537,1
val_1538,1
val_1539,1
val_1540,1
val_1541,1
val_1542,1
val_1543,1
val_1544,0
val_1545,1
val_1546,1
val_1547,1
val_1548,1
val_1549,1
val_1550,1
val_1551,0
val_1552,0
val_1553,0
val_1554,1
val_1555,1
val_1556,1
val_1557,0
val_1558,0
val_1559,1
val_1560,0
val_1561,0
val_1562,0
val_1563,1
val_1564,1
val_1565,0
val_1566,1
val_1567,1
val_1568,0
val_1569,1
val_1570,0
val_1571,1
val_1572,1
val_1573,1
val_1574,1
val_1575,1
val_1576,1
val_1577,0
val_1578,1
val_1579,1
val_1580,1
val_1581,0
val_1582,0
val_1583,0
val_1584,1
val_1585,1
val_1586,0
val_1587,0
val_1588,1
val_1589,1
val_1590,1
val_1591,0
val_1592,0
val_1593,0
val_1594,0
val_1595,1
val_1596,0
val_1597,0
val_1598,1
val_1599,1
val_1600,1
val_1601,1
val_1602,0
val_1603,0
val_1604,1
val_1605,0
val_1606,1
val_1607,1
val_1608,1
val_1609,1
val_1610,1
val_1611,1
val_1612,0
val_1613,1
val_1614,1
val_1615,1
val_1616,0
val_1617,0
val_1618,1
val_1619,1
val_1620,1
val_1621,1
val_1622,1
val_1623,1
val_1624,1
val_1625,1
val_1626,0
val_1627,1
val_1628,1
val_1629,1
val_1630,1
val_1631,0
val_1632,0
val_1633,0
val_1634,1
val_1635,1
val_1636,1
val_1637,0
val_1638,1
val_1639,1
val_1640,0
val_1641,0
val_1642,1
val_1643,1
val_1644,1
val_1645,1
val_1646,0
val_1647,0
val_1648,1
val_1649,0
val_1650,1
val_1651,0
val_1652,0
val_1653,1
val_1654,1
val_1655,1
val_1656,0
val_1657,0
val_1658,0
val_1659,0
val_1660,0
val_1661,1
val_1662,1
val_1663,0
val_1664,1
val_1665,1
val_1666,1
val_1667,0
val_1668,0
val_1669,1
val_1670,0
val_1671,1
val_1672,0
val_1673,1
val_1674,1
val_1675,1
val_1676,0
val_1677,0
val_1678,1
val_1679,0
val_1680,0
val_1681,1
val_1682,0
val_1683,0
val_1684,1
val_1685,1
val_1686,0
val_1687,1
val_1688,1
val_1689,1
val_1690,0
val_1691,0
val_1692,1
val_1693,1
val_1694,0
val_1695,1
val_1696,0
val_1697,1
val_1698,1
val_1699,0
val_1700,1
val_1701,0
val_1702,1
val_1703,1
val_1704,1
val_1705,1
val_1706,1
val_1707,0
val_1708,1
val_1709,1
val_1710,1
val_1711,1
val_1712,1
val_1713,0
val_1714,0
val_1715,1
val_1716,1
val_1717,0
val_1718,1
val_1719,1
val_1720,0
val_1721,1
val_1722,1
val_1723,0
val_1724,1
val_1725,0
val_1726,1
val_1727,0
val_1728,1
val_1729,0
val_1730,1
val_1731,1
val_1732,0
val_1733,1
val_1734,1
val_1735,0
val_1736,0
val_1737,0
val_1738,0
val_1739,1
val_1740,1
val_1741,1
val_1742,0
val_1743,1
val_1744,0
val_1745,0
val_1746,1
val_1747,1
val_1748,0
val_1749,1
val_1750,0
val_1751,0
val_1752,1
val_1753,1
val_1754,0
val_1755,0
val_1756,0
val_1757,1
val_1758,1
val_1759,0
val_1760,0
val_1761,1
val_1762,1
val_1763,0
val_1764,1
val_1765,1
val_1766,1
val_1767,1
val_1768,1
val_1769,1
val_1770,1
val_1771,1
val_1772,1
val_1773,1
val_1774,0
val_1775,1
val_1776,1
val_1777,1
val_1778,1
val_1779,0
val_1780,0
val_1781,1
val_1782,1
val_1783,1
val_1784,0
val_1785,1
val_1786,0
val_1787,1
val_1788,1
val_1789,1
val_1790,1
val_1791,0
val_1792,1
val_1793,1
val_1794,1
val_1795,1
val_1796,1
val_1797,1
val_1798,0
val_1799,1
val_1800,0
val_1801,1
val_1802,1
val_1803,1
val_1804,1
val_1805,1
val_1806,0
val_1807,0
val_1808,1
val_1809,1
val_1810,1
val_1811,0
val_1812,1
val_1813,0
val_1814,1
val_1815,1
val_1816,1
val_1817,0
val_1818,0
val_1819,0
val_1820,0
val_1821,1
val_1822,0
val_1823,1
val_1824,0
val_1825,1
val_1826,0
val_1827,1
val_1828,1
val_1829,1
val_1830,1
val_1831,0
val_1832,1
val_1833,1
val_1834,0
val_1835,0
val_1836,1
val_1837,0
val_1838,0
val_1839,1
val_1840,1
val_1841,0
val_1842,1
val_1843,1
val_1844,1
val_1845,0
val_1846,1
val_1847,1
val_1848,1
val_1849,1
val_1850,1
val_1851,1
val_1852,0
val_1853,1
val_1854,0
val_1855,1
val_1856,1
val_1857,1
val_1858,1
val_1859,1
val_1860,1
val_1861,1
val_1862,1
val_1863,1
val_1864,0
val_1865,1
val_1866,1
val_1867,1
val_1868,1
val_1869,0
val_1870,1
val_1871,1
val_1872,0
val_1873,0
val_1874,1
val_1875,0
val_1876,0
val_1877,0
val_1878,1
val_1879,0
val_1880,0
val_1881,1
val_1882,0
val_1883,1
val_1884,0
val_1885,1
val_1886,0
val_1887,0
val_1888,1
val_1889,0
val_1890,1
val_1891,1
val_1892,0
val_1893,0
val_1894,1
val_1895,0
val_1896,1
val_1897,1
val_1898,0
val_1899,0
val_1900,0
val_1901,0
val_1902,1
val_1903,1
val_1904,1
val_1905,0
val_1906,0
val_1907,1
val_1908,1
val_1909,1
val_1910,1
val_1911,0
val_1912,0
val_1913,1
val_1914,1
val_1915,0
val_1916,1
val_1917,1
val_1918,0
val_1919,1
val_1920,1
val_1921,1
val_1922,1
val_1923,1
val_1924,0
val_1925,0
val_1926,0
val_1927,1
val_1928,1
val_1929,0
val_1930,0
val_1931,1
val_1932,1
val_1933,0
val_1934,1
val_1935,0
val_1936,1
val_1937,0
val_1938,0
val_1939,1
val_1940,0
val_1941,1
val_1942,0
val_1943,1
val_1944,1
val_1945,1
val_1946,1
val_1947,1
val_1948,1
val_1949,0
val_1950,0
val_1951,0
val_1952,1
val_1953,1
val_1954,0
val_1955,0
val_1956,1
val_1957,0
val_1958,1
val_1959,0
val_1960,1
val_1961,0
val_1962,1
val_1963,1
val_1964,1
val_1965,1
val_1966,0
val_1967,0
val_1968,0
val_1969,0
val_1970,1
val_1971,0
val_1972,1
val_1973,1
val_1974,0
val_1975,0
val_1976,1
val_1977,1
val_1978,1
val_1979,0
val_1980,1
val_1981,0
val_1982,0
val_1983,0
val_1984,1
val_1985,1
val_1986,0
val_1987,0
val_1988,1
val_1989,1
val_1990,0
val_1991,0
val_1992,1
val_1993,1
val_1994,0
val_1995,0
val_1996,0
val_1997,0
val_1998,1
val_1999,0
val_2000,0
val_2001,0
val_2002,0
val_2003,1
val_2004,0
val_2005,0
val_2006,1
val_2007,0
val_2008,1
val_2009,0
val_2010,1
val_2011,1
val_2012,1
val_2013,1
val_2014,0
val_2015,0
val_2016,0
val_2017,1
val_2018,0
val_2019,1
val_2020,0
val_2021,1
val_2022,1
val_2023,0
val_2024,0
val_2025,1
val_2026,1
val_2027,0
val_2028,1
val_2029,1
val_2030,0
val_2031,0
val_2032,1
val_2033,1
val_2034,1
val_2035,1
val_2036,1
val_2037,0
val_2038,0
val_2039,1
val_2040,0
val_2041,1
val_2042,1
val_2043,1
val_2044,1
val_2045,1
val_2046,1
val_2047,0
val_2048,1
val_2049,1
val_2050,0
val_2051,1
val_2052,1
val_2053,0
val_2054,1
val_2055,0
val_2056,1
val_2057,0
val_2058,1
val_2059,1
val_2060,1
val_2061,0
val_2062,0
val_2063,1
val_2064,1
val_2065,0
val_2066,0
val_2067,0
val_2068,1
val_2069,1
val_2070,0
val_2071,0
val_2072,1
val_2073,1
val_2074,0
val_2075,1
val_2076,1
val_2077,0
val_2078,1
val_2079,0
val_2080,1
val_2081,0
val_2082,1
val_2083,0
val_2084,0
val_2085,0
val_2086,0
val_2087,1
val_2088,0
val_2089,0
val_2090,1
val_2091,1
val_2092,0
val_2093,0
val_2094,0
val_2095,1
val_2096,0
val_2097,1
val_2098,1
val_2099,0
val_2100,0
val_2101,1
val_2102,1
val_2103,1
val_2104,0
val_2105,1
val_2106,0
val_2107,1
val_2108,1
val_2109,1
val_2110,0
val_2111,1
val_2112,0
val_2113,0
val_2114,0
val_2115,1
val_2116,0
val_2117,0
val_2118,1
val_2119,1
val_2120,1
val_2121,0
val_2122,1
val_2123,0
val_2124,1
val_2125,1
val_2126,0
val_2127,0
val_2128,1
val_2129,1
val_2130,0
val_2131,0
val_2132,1
val_2133,0
val_2134,0
val_2135,0
val_2136,0
val_2137,1
val_2138,1
val_2139,1
val_2140,1
val_2141,1
val_2142,0
val_2143,1
val_2144,1
val_2145,0
val_2146,1
val_2147,1
val_2148,1
val_2149,1
val_2150,1
val_2151,0
val_2152,1
val_2153,1
val_2154,1
val_2155,1
val_2156,0
val_2157,0
val_2158,1
val_2159,1
val_2160,1
val_2161,1
val_2162,1
val_2163,0
val_2164,0
val_2165,0
val_2166,1
val_2167,0
val_2168,0
val_2169,1
val_2170,1
val_2171,0
val_2172,1
val_2173,0
val_2174,1
val_2175,1
val_2176,1
val_2177,1
val_2178,1
val_2179,1
val_2180,1
val_2181,1
val_2182,1
val_2183,0
val_2184,1
val_2185,0
val_2186,1
val_2187,1
val_2188,0
val_2189,1
val_2190,1
val_2191,0
val_2192,1
val_2193,1
val_2194,1
val_2195,1
val_2196,1
val_2197,1
val_2198,1
val_2199,1
val_2200,1
val_2201,1
val_2202,0
val_2203,0
val_2204,0
val_2205,0
val_2206,1
val_2207,1
val_2208,0
val_2209,0
val_2210,0
val_2211,0
val_2212,0
val_2213,0
val_2214,1
val_2215,1
val_2216,1
val_2217,1
val_2218,1
val_2219,1
val_2220,1
val_2221,1
val_2222,0
val_2223,1
val_2224,0
val_2225,1
val_2226,0
val_2227,0
val_2228,1
val_2229,0
val_2230,0
val_2231,1
val_2232,0
val_2233,1
val_2234,1
val_2235,1
val_2236,1
val_2237,1
val_2238,0
val_2239,0
val_2240,1
val_2241,1
val_2242,1
val_2243,1
val_2244,1
val_2245,0
val_2246,0
val_2247,0
val_2248,0
val_2249,1
val_2250,0
val_2251,1
val_2252,1
val_2253,0
val_2254,0
val_2255,0
val_2256,1
val_2257,1
val_2258,1
val_2259,1
val_2260,1
val_2261,1
val_2262,0
val_2263,1
val_2264,1
val_2265,1
val_2266,1
val_2267,0
val_2268,1
val_2269,1
val_2270,1
val_2271,1
val_2272,0
val_2273,1
val_2274,0
val_2275,1
val_2276,0
val_2277,1
val_2278,0
val_2279,1
val_2280,1
val_2281,1
val_2282,0
val_2283,0
val_2284,1
val_2285,1
val_2286,1
val_2287,1
val_2288,1
val_2289,0
val_2290,1
val_2291,0
val_2292,1
val_2293,1
val_2294,0
val_2295,1
val_2296,1
val_2297,0
val_2298,1
val_2299,1
val_2300,1
val_2301,0
val_2302,1
val_2303,0
val_2304,1
val_2305,0
val_2306,0
val_2307,0
val_2308,1
val_2309,1
val_2310,1
val_2311,1
val_2312,0
val_2313,1
val_2314,1
val_2315,1
val_2316,0
val_2317,1
val_2318,0
val_2319,0
val_2320,1
val_2321,1
val_2322,0
val_2323,1
val_2324,1
val_2325,1
val_2326,1
val_2327,1
val_2328,0
val_2329,1
val_2330,1
val_2331,1
val_2332,1
val_2333,0
val_2334,1
val_2335,1
val_2336,1
val_2337,0
val_2338,1
val_2339,1
val_2340,1
val_2341,1
val_2342,1
val_2343,1
val_2344,0
val_2345,1
val_2346,0
val_2347,1
val_2348,1
val_2349,0
val_2350,1
val_2351,1
val_2352,0
val_2353,0
val_2354,1
val_2355,1
val_2356,1
val_2357,0
val_2358,1
val_2359,0
val_2360,0
val_2361,1
val_2362,1
val_2363,1
val_2364,1
val_2365,1
val_2366,1
val_2367,1
val_2368,1
val_2369,0
val_2370,1
val_2371,1
val_2372,0
val_2373,0
val_2374,0
val_2375,0
val_2376,0
val_2377,1
val_2378,1
val_2379,0
val_2380,1
val_2381,0
val_2382,0
val_2383,0
val_2384,1
val_2385,0
val_2386,1
val_2387,1
val_2388,1
val_2389,1
val_2390,1
val_2391,1
val_2392,0
val_2393,1
val_2394,1
val_2395,1
val_2396,0
val_2397,1
val_2398,1
val_2399,1
val_2400,1
val_2401,1
val_2402,1
val_2403,0
val_2404,1
val_2405,0
val_2406,1
val_2407,0
val_2408,1
val_2409,1
val_2410,1
val_2411,1
val_2412,1
val_2413,0
val_2414,1
val_2415,1
val_2416,0
val_2417,0
val_2418,1
val_2419,1
val_2420,0
val_2421,1
val_2422,0
val_2423,1
val_2424,1
val_2425,1
val_2426,0
val_2427,1
val_2428,1
val_2429,1
val_2430,0
val_2431,1
val_2432,0
val_2433,1
val_2434,0
val_2435,1
val_2436,0
val_2437,1
val_2438,1
val_2439,1
val_2440,1
val_2441,1
val_2442,1
val_2443,1
val_2444,0
val_2445,0
val_2446,1
val_2447,0
val_2448,1
val_2449,1
val_2450,0
val_2451,1
val_2452,1
val_2453,0
val_2454,0
val_2455,0
val_2456,1
val_2457,1
val_2458,0
val_2459,1
val_2460,1
val_2461,0
val_2462,0
val_2463,0
val_2464,1
val_2465,1
val_2466,0
val_2467,0
val_2468,1
val_2469,1
val_2470,1
val_2471,0
val_2472,1
val_2473,1
val_2474,1
val_2475,1
val_2476,1
val_2477,1
val_2478,1
val_2479,0
val_2480,0
val_2481,0
val_2482,0
val_2483,1
val_2484,1
val_2485,1
val_2486,0
val_2487,0
val_2488,1
val_2489,1
val_2490,1
val_2491,1
val_2492,0
val_2493,0
val_2494,0
val_2495,0
val_2496,1
val_2497,0
val_2498,0
val_2499,1
val_2500,0
val_2501,1
val_2502,1
val_2503,0
val_2504,1
val_2505,1
val_2506,1
val_2507,1
val_2508,1
val_2509,1
val_2510,1
val_2511,1
val_2512,1
val_2513,1
val_2514,0
val_2515,1
val_2516,1
val_2517,1
val_2518,0
val_2519,0
val_2520,0
val_2521,1
val_2522,1
val_2523,1
val_2524,1
val_2525,0
val_2526,0
val_2527,1
val_2528,1
val_2529,1
val_2530,1
val_2531,1
val_2532,1
val_2533,1
val_2534,0
val_2535,0
val_2536,0
val_2537,1
val_2538,0
val_2539,0
val_2540,1
val_2541,0
val_2542,1
val_2543,1
val_2544,0
val_2545,1
val_2546,1
val_2547,0
val_2548,0
val_2549,0
val_2550,1
val_2551,1
val_2552,0
val_2553,1
val_2554,1
val_2555,1
val_2556,0
val_2557,1
val_2558,1
val_2559,1
val_2560,1
val_2561,0
val_2562,1
val_2563,1
val_2564,0
val_2565,1
val_2566,1
val_2567,0
val_2568,1
val_2569,0
val_2570,1
val_2571,1
val_2572,1
val_2573,1
val_2574,1
val_2575,1
val_2576,1
val_2577,1
val_2578,1
val_2579,0
val_2580,0
val_2581,0
val_2582,1
val_2583,1
val_2584,1
val_2585,1
val_2586,1
val_2587,0
val_2588,1
val_2589,1
val_2590,1
val_2591,1
val_2592,1
val_2593,0
val_2594,1
val_2595,1
val_2596,0
val_2597,1
val_2598,1
val_2599,0
val_2600,1
val_2601,1
val_2602,0
val_2603,0
val_2604,1
val_2605,0
val_2606,1
val_2607,1
val_2608,0
val_2609,0
val_2610,0
val_2611,1
val_2612,0
val_2613,1
val_2614,1
val_2615,1
val_2616,1
val_2617,1
val_2618,0
val_2619,1
val_2620,1
val_2621,0
val_2622,1
val_2623,1
val_2624,0
val_2625,1
val_2626,0
val_2627,1
val_2628,0
val_2629,0
val_2630,1
val_2631,0
val_2632,0
val_2633,1
val_2634,1
val_2635,1
val_2636,1
val_2637,1
val_2638,0
val_2639,1
val_2640,1
val_2641,0
val_2642,1
val_2643,1
val_2644,1
val_2645,0
val_2646,1
val_2647,1
val_2648,0
val_2649,0
val_2650,1
val_2651,1
val_2652,0
val_2653,1
val_2654,1
val_2655,0
val_2656,1
val_2657,1
val_2658,0
val_2659,1
val_2660,1
val_2661,1
val_2662,1
val_2663,1
val_2664,1
val_2665,1
val_2666,1
val_2667,1
val_2668,0
val_2669,1
val_2670,1
val_2671,0
val_2672,1
val_2673,1
val_2674,1
val_2675,0
val_2676,0
val_2677,1
val_2678,1
val_2679,1
val_2680,0
val_2681,1
val_2682,1
val_2683,0
val_2684,1
val_2685,1
val_2686,1
val_2687,1
val_2688,1
val_2689,0
val_2690,0
val_2691,1
val_2692,1
val_2693,0
val_2694,1
val_2695,1
val_2696,0
val_2697,0
val_2698,1
val_2699,1
val_2700,0
val_2701,0
val_2702,0
val_2703,0
val_2704,1
val_2705,1
val_2706,0
val_2707,1
val_2708,1
val_2709,0
val_2710,0
val_2711,1
val_2712,1
val_2713,1
val_2714,0
val_2715,1
val_2716,1
val_2717,0
val_2718,1
val_2719,0
val_2720,1
val_2721,1
val_2722,1
val_2723,1
val_2724,1
val_2725,1
val_2726,1
val_2727,1
val_2728,1
val_2729,1
val_2730,0
val_2731,0
val_2732,0
val_2733,1
val_2734,0
val_2735,1
val_2736,1
val_2737,1
val_2738,1
val_2739,0
val_2740,1
val_2741,1
val_2742,1
val_2743,1
val_2744,1
val_2745,1
val_2746,1
val_2747,1
val_2748,1
val_2749,1
val_2750,1
val_2751,1
val_2752,0
val_2753,1
val_2754,1
val_2755,0
val_2756,1
val_2757,1
val_2758,0
val_2759,0
val_2760,0
val_2761,0
val_2762,1
val_2763,1
val_2764,1
val_2765,1
val_2766,1
val_2767,0
val_2768,0
val_2769,1
val_2770,1
val_2771,0
val_2772,1
val_2773,0
val_2774,0
val_2775,1
val_2776,0
val_2777,1
val_2778,0
val_2779,0
val_2780,0
val_2781,1
val_2782,1
val_2783,1
val_2784,1
val_2785,1
val_2786,0
val_2787,1
val_2788,1
val_2789,1
val_2790,0
val_2791,1
val_2792,0
val_2793,0
val_2794,1
val_2795,1
val_2796,0
val_2797,0
val_2798,0
val_2799,0
val_2800,0
val_2801,1
val_2802,0
val_2803,0
val_2804,0
val_2805,1
val_2806,0
val_2807,0
val_2808,1
val_2809,0
val_2810,0
val_2811,0
val_2812,0
val_2813,1
val_2814,1
val_2815,0
val_2816,1
val_2817,0
val_2818,1
val_2819,1
val_2820,1
val_2821,1
val_2822,1
val_2823,0
val_2824,1
val_2825,1
val_2826,1
val_2827,0
val_2828,1
val_2829,0
val_2830,1
val_2831,1
val_2832,0
val_2833,0
val_2834,1
val_2835,1
val_2836,1
val_2837,0
val_2838,0
val_2839,1
val_2840,1
val_2841,1
val_2842,1
val_2843,1
val_2844,1
val_2845,1
val_2846,0
val_2847,0
val_2848,1
val_2849,1
val_2850,1
val_2851,1
val_2852,1
val_2853,0
val_2854,1
val_2855,0
val_2856,1
val_2857,0
val_2858,1
val_2859,0
val_2860,0
val_2861,0
val_2862,0
val_2863,0
val_2864,1
val_2865,1
val_2866,1
val_2867,1
val_2868,1
val_2869,1
val_2870,1
val_2871,1
val_2872,1
val_2873,1
val_2874,0
val_2875,1
val_2876,0
val_2877,1
val_2878,1
val_2879,1
val_2880,1
val_2881,0
val_2882,1
val_2883,1
val_2884,1
val_2885,1
val_2886,0
val_2887,0
val_2888,1
val_2889,1
val_2890,0
val_2891,0
val_2892,1
val_2893,1
val_2894,0
val_2895,1
val_2896,1
val_2897,1
val_2898,1
val_2899,1
val_2900,0
val_2901,1
val_2902,1
val_2903,0
val_2904,0
val_2905,0
val_2906,0
val_2907,0
val_2908,1
val_2909,1
val_2910,0
val_2911,1
val_2912,1
val_2913,1
val_2914,1
val_2915,1
val_2916,1
val_2917,1
val_2918,1
val_2919,1
val_2920,0
val_2921,1
val_2922,0
val_2923,1
val_2924,0
val_2925,0
val_2926,0
val_2927,0
val_2928,1
val_2929,0
val_2930,0
val_2931,1
val_2932,1
val_2933,0
val_2934,1
val_2935,1
val_2936,0
val_2937,1
val_2938,0
val_2939,1
val_2940,0
val_2941,0
val_2942,1
val_2943,1
val_2944,1
val_2945,1
val_2946,1
val_2947,0
val_2948,1
val_2949,1
val_2950,1
val_2951,1
val_2952,0
val_2953,1
val_2954,0
val_2955,1
val_2956,1
val_2957,1
val_2958,0
val_2959,1
val_2960,0
val_2961,1
val_2962,0
val_2963,0
val_2964,0
val_2965,1
val_2966,1
val_2967,0
val_2968,0
val_2969,1
val_2970,1
val_2971,0
val_2972,1
val_2973,1
val_2974,1
val_2975,1
val_2976,0
val_2977,1
val_2978,0
val_2979,1
val_2980,1
val_2981,0
val_2982,1
val_2983,1
val_2984,1
val_2985,1
val_2986,1
val_2987,1
val_2988,0
val_2989,0
val_2990,0
val_2991,0
val_2992,1
val_2993,1
val_2994,1
val_2995,1
val_2996,1
val_2997,1
val_2998,0
val_2999,1
val_3000,1
val_3001,0
val_3002,1
val_3003,1
val_3004,1
val_3005,0
val_3006,0
val_3007,1
val_3008,1
val_3009,1
val_3010,1
val_3011,1
val_3012,1
val_3013,0
val_3014,1
val_3015,1
val_3016,0
val_3017,0
val_3018,1
val_3019,0
val_3020,0
val_3021,0
val_3022,1
val_3023,0
val_3024,1
val_3025,0
val_3026,1
val_3027,1
val_3028,1
val_3029,0
val_3030,1
val_3031,0
val_3032,1
val_3033,0
val_3034,1
val_3035,1
val_3036,1
val_3037,1
val_3038,1
val_3039,1
val_3040,0
val_3041,0
val_3042,0
val_3043,0
val_3044,1
val_3045,1
val_3046,1
val_3047,1
val_3048,0
val_3049,1
val_3050,1
val_3051,0
val_3052,1
val_3053,0
val_3054,1
val_3055,0
val_3056,0
val_3057,1
val_3058,0
val_3059,1
val_3060,0
val_3061,0
val_3062,1
val_3063,1
val_3064,1
val_3065,1
val_3066,0
val_3067,1
val_3068,0
val_3069,1
val_3070,1
val_3071,1
val_3072,0
val_3073,1
val_3074,0
val_3075,1
val_3076,1
val_3077,1
val_3078,1
val_3079,1
val_3080,1
val_3081,1
val_3082,0
val_3083,1
val_3084,1
val_3085,1
val_3086,0
val_3087,0
val_3088,1
val_3089,0
val_3090,1
val_3091,1
val_3092,1
val_3093,1
val_3094,1
val_3095,0
val_3096,1
val_3097,0
val_3098,1
val_3099,0
val_3100,1
val_3101,1
val_3102,0
val_3103,0
val_3104,1
val_3105,0
val_3106,1
val_3107,1
val_3108,1
val_3109,0
val_3110,0
val_3111,1
val_3112,1
val_3113,1
val_3114,0
val_3115,1
val_3116,0
val_3117,0
val_3118,1
val_3119,1
val_3120,1
val_3121,0
val_3122,1
val_3123,0
val_3124,1
val_3125,1
val_3126,1
val_3127,1
val_3128,1
val_3129,1
val_3130,0
val_3131,0
val_3132,1
val_3133,0
val_3134,0
val_3135,1
val_3136,1
val_3137,0
val_3138,1
val_3139,1
val_3140,1
val_3141,1
val_3142,0
val_3143,0
val_3144,0
val_3145,0
val_3146,0
val_3147,1
val_3148,1
val_3149,1
val_3150,1
val_3151,1
val_3152,0
val_3153,1
val_3154,0
val_3155,1
val_3156,1
val_3157,1
val_3158,0
val_3159,1
val_3160,1
val_3161,0
val_3162,1
val_3163,1
val_3164,1
val_3165,1
val_3166,1
val_3167,1
val_3168,0
val_3169,0
val_3170,0
val_3171,0
val_3172,1
val_3173,1
val_3174,1
val_3175,1
val_3176,1
val_3177,1
val_3178,1
val_3179,1
val_3180,0
val_3181,1
val_3182,0
val_3183,0
val_3184,0
val_3185,0
val_3186,1
val_3187,1
val_3188,0
val_3189,1
val_3190,1
val_3191,1
val_3192,1
val_3193,0
val_3194,0
val_3195,1
val_3196,0
val_3197,1
val_3198,1
val_3199,1
val_3200,1
val_3201,1
val_3202,0
val_3203,1
val_3204,0
val_3205,1
val_3206,1
val_3207,1
val_3208,0
val_3209,1
val_3210,1
val_3211,0
val_3212,1
val_3213,1
val_3214,0
val_3215,1
val_3216,0
val_3217,1
val_3218,1
val_3219,1
val_3220,1
val_3221,1
val_3222,1
val_3223,1
val_3224,1
val_3225,0
val_3226,1
val_3227,0
val_3228,0
val_3229,1
val_3230,0
val_3231,0
val_3232,1
val_3233,1
val_3234,1
val_3235,1
val_3236,0
val_3237,0
val_3238,1
val_3239,1
val_3240,1
val_3241,1
val_3242,0
val_3243,0
val_3244,1
val_3245,1
val_3246,1
val_3247,1
val_3248,0
val_3249,0
val_3250,0
val_3251,1
val_3252,0
val_3253,0
val_3254,1
val_3255,1
val_3256,0
val_3257,1
val_3258,1
val_3259,1
val_3260,0
val_3261,1
val_3262,1
val_3263,0
val_3264,1
val_3265,1
val_3266,0
val_3267,1
val_3268,1
val_3269,1
val_3270,0
val_3271,0
val_3272,0
val_3273,0
val_3274,0
val_3275,1
val_3276,1
val_3277,1
val_3278,1
val_3279,0
val_3280,1
val_3281,0
val_3282,1
val_3283,1
val_3284,0
val_3285,1
val_3286,1
val_3287,1
val_3288,1
val_3289,1
val_3290,0
val_3291,0
val_3292,1
val_3293,0
val_3294,0
val_3295,1
val_3296,0
val_3297,1
val_3298,1
val_3299,1
val_3300,0
val_3301,1
val_3302,1
val_3303,1
val_3304,1
val_3305,1
val_3306,1
val_3307,1
val_3308,1
val_3309,1
val_3310,1
val_3311,1
val_3312,1
val_3313,1
val_3314,1
val_3315,0
val_3316,0
val_3317,1
val_3318,1
val_3319,0
val_3320,1
val_3321,1
val_3322,1
val_3323,1
val_3324,0
val_3325,1
val_3326,0
val_3327,0
val_3328,1
val_3329,1
val_3330,1
val_3331,1
val_3332,1
val_3333,0
val_3334,0
val_3335,0
val_3336,1
val_3337,0
val_3338,1
val_3339,1
val_3340,0
val_3341,1
val_3342,1
val_3343,1
val_3344,0
val_3345,1
val_3346,1
val_3347,1
val_3348,1
val_3349,0
val_3350,0
val_3351,1
val_3352,0
val_3353,0
val_3354,1
val_3355,1
val_3356,1
val_3357,1
val_3358,1
val_3359,0
val_3360,1
val_3361,1
val_3362,0
val_3363,1
val_3364,0
val_3365,0
val_3366,1
val_3367,1
val_3368,0
val_3369,0
val_3370,0
val_3371,1
val_3372,1
val_3373,1
val_3374,1
val_3375,1
val_3376,0
val_3377,1
val_3378,0
val_3379,0
val_3380,0
val_3381,0
val_3382,1
val_3383,1
val_3384,1
val_3385,0
val_3386,1
val_3387,1
val_3388,1
val_3389,1
val_3390,1
val_3391,1
val_3392,1
val_3393,0
val_3394,0
val_3395,0
val_3396,1
val_3397,0
val_3398,1
val_3399,0
val_3400,1
val_3401,1
val_3402,0
val_3403,1
val_3404,1
val_3405,0
val_3406,0
val_3407,0
val_3408,1
val_3409,1
val_3410,1
val_3411,0
val_3412,0
val_3413,1
val_3414,0
val_3415,1
val_3416,1
val_3417,0
val_3418,1
val_3419,0
val_3420,0
val_3421,1
val_3422,1
val_3423,1
val_3424,1
val_3425,0
val_3426,1
val_3427,1
val_3428,0
val_3429,1
val_3430,1
val_3431,0
val_3432,1
val_3433,1
val_3434,1
val_3435,0
val_3436,1
val_3437,1
val_3438,1
val_3439,0
val_3440,1
val_3441,1
val_3442,1
val_3443,1
val_3444,1
val_3445,1
val_3446,1
val_3447,1
val_3448,1
val_3449,1
val_3450,1
val_3451,0
val_3452,0
val_3453,1
val_3454,1
val_3455,0
val_3456,0
val_3457,0
val_3458,0
val_3459,1
val_3460,0
val_3461,1
val_3462,0
val_3463,1
val_3464,0
val_3465,0
val_3466,1
val_3467,1
val_3468,0
val_3469,1
val_3470,0
val_3471,1
val_3472,1
val_3473,0
val_3474,1
val_3475,0
val_3476,0
val_3477,1
val_3478,0
val_3479,1
val_3480,1
val_3481,1
val_3482,1
val_3483,0
val_3484,1
val_3485,0
val_3486,1
val_3487,0
val_3488,0
val_3489,0
val_3490,0
val_3491,0
val_3492,1
val_3493,0
val_3494,0
val_3495,1
val_3496,0
val_3497,1
val_3498,0
val_3499,0
val_3500,1
val_3501,0
val_3502,0
val_3503,0
val_3504,1
val_3505,0
val_3506,1
val_3507,1
val_3508,0
val_3509,0
val_3510,0
val_3511,1
val_3512,1
val_3513,0
val_3514,1
val_3515,0
val_3516,1
val_3517,1
val_3518,0
val_3519,0
val_3520,1
val_3521,0
val_3522,0
val_3523,1
val_3524,0
val_3525,1
val_3526,0
val_3527,0
val_3528,1
val_3529,1
val_3530,1
val_3531,1
val_3532,1
val_3533,1
val_3534,1
val_3535,1
val_3536,1
val_3537,1
val_3538,0
val_3539,0
val_3540,0
val_3541,0
val_3542,1
val_3543,0
val_3544,0
val_3545,1
val_3546,1
val_3547,1
val_3548,0
val_3549,0
val_3550,0
val_3551,0
val_3552,0
val_3553,1
val_3554,1
val_3555,0
val_3556,1
val_3557,0
val_3558,1
val_3559,1
val_3560,1
val_3561,1
val_3562,0
val_3563,1
val_3564,1
val_3565,1
val_3566,1
val_3567,0
val_3568,1
val_3569,0
val_3570,1
val_3571,1
val_3572,1
val_3573,0
val_3574,1
val_3575,0
val_3576,1
val_3577,1
val_3578,1
val_3579,1
val_3580,1
val_3581,1
val_3582,1
val_3583,1
val_3584,0
val_3585,0
val_3586,0
val_3587,1
val_3588,1
val_3589,0
val_3590,0
val_3591,0
val_3592,1
val_3593,0
val_3594,1
val_3595,1
val_3596,1
val_3597,1
val_3598,1
val_3599,0
val_3600,1
val_3601,1
val_3602,1
val_3603,0
val_3604,1
val_3605,1
val_3606,1
val_3607,0
val_3608,1
val_3609,0
val_3610,1
val_3611,0
val_3612,1
val_3613,0
val_3614,1
val_3615,1
val_3616,0
val_3617,1
val_3618,1
val_3619,0
val_3620,1
val_3621,1
val_3622,0
val_3623,1
val_3624,1
val_3625,1
val_3626,1
val_3627,1
val_3628,1
val_3629,1
val_3630,1
val_3631,0
val_3632,1
val_3633,0
val_3634,0
val_3635,1
val_3636,1
val_3637,0
val_3638,1
val_3639,1
val_3640,1
val_3641,1
val_3642,0
val_3643,0
val_3644,1
val_3645,0
val_3646,1
val_3647,1
val_3648,1
val_3649,1
val_3650,1
val_3651,1
val_3652,0
val_3653,1
val_3654,1
val_3655,1
val_3656,1
val_3657,1
val_3658,0
val_3659,1
val_3660,1
val_3661,0
val_3662,0
val_3663,0
val_3664,1
val_3665,1
val_3666,1
val_3667,1
val_3668,0
val_3669,0
val_3670,1
val_3671,1
val_3672,1
val_3673,0
val_3674,1
val_3675,1
val_3676,1
val_3677,1
val_3678,0
val_3679,0
val_3680,1
val_3681,0
val_3682,1
val_3683,1
val_3684,0
val_3685,1
val_3686,0
val_3687,0
val_3688,1
val_3689,0
val_3690,0
val_3691,1
val_3692,0
val_3693,1
val_3694,1
val_3695,0
val_3696,0
val_3697,0
val_3698,1
val_3699,1
val_3700,1
val_3701,1
val_3702,0
val_3703,1
val_3704,0
val_3705,0
val_3706,1
val_3707,1
val_3708,1
val_3709,1
val_3710,0
val_3711,0
val_3712,1
val_3713,1
val_3714,1
val_3715,1
val_3716,1
val_3717,0
val_3718,0
val_3719,1
val_3720,1
val_3721,0
val_3722,1
val_3723,1
val_3724,0
val_3725,1
val_3726,0
val_3727,0
val_3728,0
val_3729,1
val_3730,1
val_3731,1
val_3732,1
val_3733,1
val_3734,0
val_3735,1
val_3736,1
val_3737,0
val_3738,0
val_3739,0
val_3740,1
val_3741,0
val_3742,1
val_3743,1
val_3744,0
val_3745,1
val_3746,1
val_3747,1
val_3748,1
val_3749,0
val_3750,0
val_3751,0
val_3752,0
val_3753,0
val_3754,1
val_3755,1
val_3756,1
val_3757,1
val_3758,1
val_3759,1
val_3760,1
val_3761,1
val_3762,1
val_3763,0
val_3764,1
val_3765,1
val_3766,1
val_3767,1
val_3768,1
val_3769,1
val_3770,1
val_3771,1
val_3772,1
val_3773,1
val_3774,1
val_3775,0
val_3776,1
val_3777,1
val_3778,0
val_3779,0
val_3780,1
val_3781,1
